{
    "caliper": {
        "blockchain": "ethereum",
        "command" : {
            "start": "docker-compose -f networks/besu/1node-clique/docker-compose.yml up -d && sleep 30",
            "end" : "docker-compose -f networks/besu/1node-clique/docker-compose.yml down"
          }
    },
    "ethereum": {
        "url": "http://localhost:8545",
        "contractDeployerAddress": "0xc0A8e4D217eB85b812aeb1226fAb6F588943C2C2",
        "contractDeployerAddressPrivateKey": "0xa67bee5d6fb43acd42e307eb67547ab5006ad2fbb9567829e9b4b2ef3580acea",
        "fromAddress": "0xc0A8e4D217eB85b812aeb1226fAb6F588943C2C2",
        "fromAddressPrivateKey": "0xa67bee5d6fb43acd42e307eb67547ab5006ad2fbb9567829e9b4b2ef3580acea",
        "transactionConfirmationBlocks": 2,
        "contracts": {
            "simple": {
                "path": "src/besu/simple/simple.json",
                "gas": {
                    "open": 45000,
                    "query": 100000,
                    "transfer": 36000
                }
            }
        }
    }
}
