{
  "caliper":{
    "blockchain": "sawtooth",
    "command" : {
      "start": "docker-compose -f networks/sawtooth/simplenetwork/sawtooth-simple.yaml up -d",
      "end" : "docker-compose -f networks/sawtooth/simplenetwork/sawtooth-simple.yaml down;(test -z \"$(docker ps -aq)\") || docker rm $(docker ps -aq)"
    }
  },
  "sawtooth": {
    "batchBuilders": {
      "simple": {
        "1.0": "src/sawtooth/simple/SimpleBatchBuilder.js"
      }
    },
    "network": {
      "restapi": {
        "urls": ["http://127.0.0.1:8008"]
      },
      "validator": {
        "url": "tcp://127.0.0.1:4004"
      }
    }
  }
}
